filename,parallax_mas,alpha_mas,delta_mas,mu_alpha_mas_yr,mu_delta_mas_yr,P_d,a0_mas,M0_deg,e,omega_deg,i_deg,big_omega_deg,mass_function,m_b,comment
target_1.csv,16.123,-0.00154,0.0019354,5.421,-24.121,1956.558421,0.354,318.125547,0.345,6.445,73.5587,32.54,3.6887858041895747e-07,7.548974092180096,high SNR orbit close to 2000d
target_2.csv,31.453,0.00154,0.0051283,-24.8321365,-38.7655451474,,,,,,,,,,single-star
target_3.csv,34.3253,0.0048414,-0.00121454,-12.7865,-14.54374,1741.953,0.08714,198.2251,0.537,328.432,133.867,13.7832,7.193390379289467e-10,0.9391865454706183,low SNR orbit close to 2000d
target_4.csv,11.405,-0.00523,0.00357,12.975,-26.3632,,,,,,,,,,scan-angle related signal (close to 90d)
target_5.csv,44.3253,0.0031253,0.006253,-22.766,-16.654,90.72321,0.17121,28.93,0.1213,133.592,115.23547,328.532514,9.340978411902864e-07,10.30734558893633,high SNR orbit close to 90d
target_6.csv,34.3253,-0.001253,-0.003443,30.15365,-32.9874,89.72321,0.0334,224.3251,0.235,128.345,15.1547,205.544,1.5268051769029635e-08,2.603120673471789,low SNR orbit close to 90d
target_7.csv,11.3253,0.00243,-0.00277783,3.654365,-23.251474,34000.72321,153.0234,54.4551,0.715,82.785,88.1547,121.4125,0.28467212352859733,1118.4493962345784,Long-period degenerate orbit (acceleration solution)
