epoch,object,raoff,raoff_err,decoff,decoff_err
10000,1,-801.7987548,1,-1650.004139,1
10170,1,-830.8451196,1,-1631.354641,1
10340,1,-856.576718,1,-1613.684225,1
10000,2,-722.566,1,1922.45,1
10103,2,-713.998,1,1927.05,1
10206,2,-705.417,1,1931.62,1