epoch,object,raoff,raoff_err,decoff,decoff_err
10000,1,-801.7987548,1,-1650.004139,1
10170,1,-830.8451196,1,-1631.354641,1
10340,1,-856.576718,1,-1613.684225,1
10000,2,3122.065479,1,-1872.983744,1
10103,2,3113.773200,1,-1880.70622,1
10206,2,3105.438616,1,-1888.40314,1
10310,2,3097.061756,1,-1896.07435,1